Year,Effective Rate (Mean),CI Lower (2.5%),CI Upper (97.5%),Std Dev
2020,39.65772794885854,29.51933998654985,47.0520926649414,4.76173008229996
2021,39.657688553230344,29.51931808680467,47.05204097762031,4.761723009124734
2022,39.657649157682705,29.51929618709198,47.05198929041317,4.7617159359762224
2023,39.65760976221562,29.5192742874118,47.05193760331996,4.761708862854426
2024,39.6575703668291,29.519252387764105,47.05188591634069,4.7617017897593445
2025,39.65753097152313,29.51923048814891,47.05183422947536,4.761694716690977
